steam_name,TechPowerUpName,MatchScore
ATI Radeon 9200,ATI Radeon 9200,100
ATI Radeon 9550,ATI Radeon 9550,100
ATI Radeon 9600,ATI Radeon 9600,100
ATI Radeon 9800,ATI Radeon 9800,100
ATI Radeon HD 2400,ATI Radeon HD 2400,100
ATI Radeon HD 3850,ATI Radeon HD 3850,100
ATI Radeon HD 3870,ATI Radeon HD 3870,100
ATI Radeon X1300,ATI Radeon X1300,100
ATI Radeon X1300,ATI Radeon X300,97
ATI Radeon X1300,ATI Radeon X1300,100
ATI Radeon X1600,ATI Radeon X1600,100
ATI Radeon X1600,ATI Radeon X600,97
ATI Radeon X1650,ATI Radeon X1650,100
ATI Radeon X1650,ATI Radeon X1650,100
ATI Radeon X300,ATI Radeon X1300,97
ATI Radeon X300,ATI Radeon X300,100
ATI Radeon X300,ATI Radeon X1300,97
ATI Radeon X600,ATI Radeon X1600,97
ATI Radeon X600,ATI Radeon X600,100
ATI Radeon X700,ATI Radeon X700,100
ATI Radeon X800,ATI Radeon X800,100
NVIDIA GeForce 6100,NVIDIA GeForce 610,97
NVIDIA GeForce 6100,NVIDIA GeForce 6100,100
NVIDIA GeForce 6200,NVIDIA GeForce 6200,100
NVIDIA GeForce 6600,NVIDIA GeForce 6600,100
NVIDIA GeForce 6800,NVIDIA GeForce 6800,100
NVIDIA GeForce 6800,NVIDIA GeForce 6800,100
NVIDIA GeForce 6800,NVIDIA GeForce 6800,100
NVIDIA GeForce 8400,NVIDIA GeForce 8400,100
NVIDIA GeForce 8400M,NVIDIA GeForce 840M,97
NVIDIA GeForce 8400M,NVIDIA GeForce 800M,97
NVIDIA GeForce 8400M,NVIDIA GeForce 8400,97
NVIDIA GeForce 8600M,NVIDIA GeForce 800M,97
NVIDIA GeForce 9800,NVIDIA GeForce 9800S,97
NVIDIA GeForce FX 5200,NVIDIA GeForce FX 5200,100
NVIDIA GeForce FX 5200,NVIDIA GeForce FX 5200,100
NVIDIA GeForce FX 5500,NVIDIA GeForce FX 5500,100
NVIDIA GeForce GTX 260,NVIDIA GeForce GTX 260,100
NVIDIA GeForce GTX 260,NVIDIA GeForce GTX 260M,98
NVIDIA GeForce GTX 280,NVIDIA GeForce GTX 280M,98
NVIDIA GeForce GTX 280,NVIDIA GeForce GTX 280,100
NVIDIA GeForce Go 7600,NVIDIA GeForce Go 7600,100
ATI Mobility Radeon HD 3470,ATI Mobility Radeon HD 3470,100
NVIDIA GeForce 9400,NVIDIA GeForce 9400M,97
NVIDIA GeForce 9400,NVIDIA GeForce 9400,100
NVIDIA GeForce 9400,NVIDIA GeForce 9400,100
NVIDIA GeForce 9400,NVIDIA GeForce 9400,100
NVIDIA GeForce 9400,NVIDIA GeForce 9400M,97
ATI Radeon HD 4670,ATI Radeon HD 4670,100
NVIDIA GeForce GTX 285,NVIDIA GeForce GTX 285M,98
NVIDIA GeForce GTX 285,NVIDIA GeForce GTX 285,100
ATI Radeon HD 3450,ATI Radeon HD 3450,100
ATI Mobility Radeon HD 3650,ATI Mobility Radeon HD 3650,100
NVIDIA GeForce GTS 150,NVIDIA GeForce GTS 150M,98
NVIDIA GeForce GTX 275,NVIDIA GeForce GTX 275,100
ATI Radeon HD 4650,ATI Radeon HD 4650,100
NVIDIA GeForce GTX 295,NVIDIA GeForce GTX 295,100
ATI Mobility Radeon HD 4570,ATI Mobility Radeon HD 4570,100
ATI Mobility Radeon HD 4650,ATI Mobility Radeon HD 4650,100
ATI Radeon HD 4350,ATI Radeon HD 4350,100
NVIDIA GeForce GT 220,NVIDIA GeForce GT 220,100
NVIDIA GeForce GT 220,NVIDIA GeForce GT 220M,98
NVIDIA GeForce GT 220,NVIDIA GeForce GT 220,100
ATI Mobility Radeon HD 2600,ATI Mobility Radeon HD 2600,100
ATI Mobility Radeon X1600,ATI Mobility Radeon X1600,100
ATI Mobility Radeon X1600,ATI Mobility Radeon X600,98
NVIDIA GeForce 9400M,NVIDIA GeForce 9400M,100
NVIDIA GeForce 9400M,NVIDIA GeForce 9400,97
NVIDIA GeForce 9400M,NVIDIA GeForce 940M,97
NVIDIA GeForce 9400M,NVIDIA GeForce 940M,97
NVIDIA GeForce 9400M,NVIDIA GeForce 9400,97
NVIDIA GeForce 9400M,NVIDIA GeForce 9400,97
NVIDIA GeForce 9400M,NVIDIA GeForce 9400M,100
NVIDIA GeForce GT 330M,NVIDIA GeForce GT 330M,100
NVIDIA GeForce GT 330M,NVIDIA GeForce GT 330M,100
NVIDIA GeForce GT 240,NVIDIA GeForce GT 240M,98
NVIDIA GeForce GT 240,NVIDIA GeForce GT 240,100
NVIDIA GeForce GTX 460,NVIDIA GeForce GTX 460M,98
NVIDIA GeForce GTX 460,NVIDIA GeForce GTX 460,100
NVIDIA GeForce GTX 460,NVIDIA GeForce GTX 460,100
NVIDIA GeForce GTX 470,NVIDIA GeForce GTX 470,100
NVIDIA GeForce GTX 470,NVIDIA GeForce GTX 470M,98
NVIDIA GeForce GTX 480,NVIDIA GeForce GTX 480M,98
NVIDIA GeForce GTX 480,NVIDIA GeForce GTX 480,100
ATI Radeon HD 3650,ATI Radeon HD 3650,100
ATI Radeon HD 4850,ATI Radeon HD 4850,100
ATI Radeon HD 4870,ATI Radeon HD 4870,100
ATI Radeon HD 4890,ATI Radeon HD 4890,100
ATI Radeon HD 5670,ATI Radeon HD 5670,100
ATI Radeon HD 5750,ATI Radeon HD 5750,100
ATI Radeon HD 5770,ATI Radeon HD 5770,100
ATI Radeon HD 5850,ATI Radeon HD 5850,100
ATI Radeon HD 5870,ATI Radeon HD 5870,100
NVIDIA GeForce GTS 450,NVIDIA GeForce GTS 450,100
NVIDIA GeForce GTX 260M,NVIDIA GeForce GTX 260,98
NVIDIA GeForce GTX 260M,NVIDIA GeForce GTX 260M,100
NVIDIA GeForce GTX 570,NVIDIA GeForce GTX 570M,98
NVIDIA GeForce GTX 570,NVIDIA GeForce GTX 570,100
NVIDIA GeForce GTX 580,NVIDIA GeForce GTX 580,100
NVIDIA GeForce GTX 580,NVIDIA GeForce GTX 580M,98
NVIDIA GeForce GTX 560,NVIDIA GeForce GTX 560,100
NVIDIA GeForce GTX 560,NVIDIA GeForce GTX 560M,98
ATI Mobility Radeon HD 4850,ATI Mobility Radeon HD 4850,100
ATI Mobility Radeon HD 5650,ATI Mobility Radeon HD 5650,100
ATI Mobility Radeon HD 5470,ATI Mobility Radeon HD 5470,100
ATI Radeon HD 5450,ATI Radeon HD 5450,100
ATI Radeon HD 5570,ATI Radeon HD 5570,100
ATI Radeon HD 5570,ATI Radeon HD 5570,100
ATI Radeon HD 5570,ATI Radeon HD 5570,100
Intel HD Graphics 2000,Intel HD Graphics 2000,100
Intel HD Graphics 3000,Intel HD Graphics 3000,100
Intel HD Graphics 3000,Intel HD Graphics 3000,100
Intel HD Graphics 3000,Intel HD Graphics P3000,98
NVIDIA GeForce 210,NVIDIA GeForce 210,100
NVIDIA GeForce GT 430,NVIDIA GeForce GT 430,100
NVIDIA GeForce GT 440,NVIDIA GeForce GT 440,100
NVIDIA GeForce GT 520,NVIDIA GeForce GT 520,100
NVIDIA GeForce GT 520,NVIDIA GeForce GT 520M,98
NVIDIA GeForce GT 520,NVIDIA GeForce GT 520M,98
NVIDIA GeForce GT 520,NVIDIA GeForce GT 520M,98
NVIDIA GeForce GT 540M,NVIDIA GeForce GT 540M,100
NVIDIA GeForce GTX 560M,NVIDIA GeForce GTX 560,98
NVIDIA GeForce GTX 560M,NVIDIA GeForce GTX 560M,100
NVIDIA GeForce GT 555M,NVIDIA GeForce GT 555M,100
NVIDIA GeForce GT 555M,NVIDIA GeForce GT 555M,100
NVIDIA GeForce GT 555M,NVIDIA GeForce GT 555M,100
NVIDIA GeForce GTS 250,NVIDIA GeForce GTS 250,100
NVIDIA GeForce GTS 250,NVIDIA GeForce GTS 250,100
NVIDIA GeForce GTS 250,NVIDIA GeForce GTS 250M,98
NVIDIA GeForce GTX 550 Ti,NVIDIA GeForce GTX 550 Ti,100
NVIDIA GeForce GTX 560 Ti,NVIDIA GeForce GTX 560 Ti,100
Intel HD Graphics 4000,Intel HD Graphics P4000,98
Intel HD Graphics 4000,Intel HD Graphics 4000,100
NVIDIA GeForce GTX 670,NVIDIA GeForce GTX 670M,98
NVIDIA GeForce GTX 670,NVIDIA GeForce GTX 670,100
NVIDIA GeForce GTX 680,NVIDIA GeForce GTX 680M,98
NVIDIA GeForce GTX 680,NVIDIA GeForce GTX 680,100
NVIDIA GeForce GT 630M,NVIDIA GeForce GT 630,98
NVIDIA GeForce GT 630M,NVIDIA GeForce GT 630M,100
NVIDIA GeForce GT 630M,NVIDIA GeForce GT 630M,100
NVIDIA GeForce GT 630M,NVIDIA GeForce GT 630M,100
NVIDIA GeForce GTX 660 Ti,NVIDIA GeForce GTX 1660 Ti,98
NVIDIA GeForce GTX 660 Ti,NVIDIA GeForce GTX 660 Ti,100
NVIDIA GeForce GT 630,NVIDIA GeForce GT 630,100
NVIDIA GeForce GT 630,NVIDIA GeForce GT 630M,98
NVIDIA GeForce GT 630,NVIDIA GeForce GT 630M,98
NVIDIA GeForce GT 630,NVIDIA GeForce GT 630M,98
NVIDIA GeForce GT 650M,NVIDIA GeForce GT 650M,100
NVIDIA GeForce GTX 650,NVIDIA GeForce GTX 650,100
NVIDIA GeForce GTX 650,NVIDIA GeForce GTX 650,100
NVIDIA GeForce GTX 650,NVIDIA GeForce GTX 1650,98
NVIDIA GeForce GTX 660,NVIDIA GeForce GTX 1660,98
NVIDIA GeForce GTX 660,NVIDIA GeForce GTX 660,100
NVIDIA GeForce GTX 660,NVIDIA GeForce GTX 660M,98
NVIDIA GeForce GT 640,NVIDIA GeForce GT 640,100
NVIDIA GeForce GT 640,NVIDIA GeForce GT 640M,98
NVIDIA GeForce GTX 650 Ti,NVIDIA GeForce GTX 650 Ti,100
NVIDIA GeForce GTX 660M,NVIDIA GeForce GTX 660,98
NVIDIA GeForce GTX 660M,NVIDIA GeForce GTX 660M,100
NVIDIA GeForce GT 620M,NVIDIA GeForce GT 620M,100
NVIDIA GeForce GT 620M,NVIDIA GeForce GT 620M,100
NVIDIA GeForce GT 620M,NVIDIA GeForce GT 620,98
NVIDIA GeForce GTX 760,NVIDIA GeForce GTX 760,100
NVIDIA GeForce GTX 760,NVIDIA GeForce GTX 760M,98
NVIDIA GeForce GTX 760,NVIDIA GeForce GTX 760A,98
NVIDIA GeForce GTX 770,NVIDIA GeForce GTX 770M,98
NVIDIA GeForce GTX 770,NVIDIA GeForce GTX 770,100
NVIDIA GeForce GT 740M,NVIDIA GeForce GT 740,98
NVIDIA GeForce GT 740M,NVIDIA GeForce GT 740M,100
NVIDIA GeForce GT 740M,NVIDIA GeForce GT 740M,100
NVIDIA GeForce GTX 780,NVIDIA GeForce GTX 780,100
NVIDIA GeForce GTX 780,NVIDIA GeForce GTX 780M,98
Intel HD Graphics 4400,Intel HD Graphics 4400,100
Intel HD Graphics 4600,Intel HD Graphics P4600,98
Intel HD Graphics 4600,Intel HD Graphics 4600,100
NVIDIA GeForce GT 610,NVIDIA GeForce GT 610,100
NVIDIA GeForce GT 750M,NVIDIA GeForce GT 750M,100
AMD Radeon HD 6670,AMD Radeon HD 6670,100
AMD Radeon HD 6670,AMD Radeon HD 6670A,97
AMD Radeon HD 6850,AMD Radeon HD 6850,100
AMD Radeon HD 6850,AMD Radeon HD 6850M,97
AMD Radeon HD 6870,AMD Radeon HD 6870,100
AMD Radeon HD 6870,AMD Radeon HD 6870M,97
AMD Radeon HD 6950,AMD Radeon HD 6950M,97
AMD Radeon HD 6950,AMD Radeon HD 6950,100
AMD Radeon HD 7750,AMD Radeon HD 7750,100
AMD Radeon HD 7750,AMD Radeon HD 7750M,97
AMD Radeon HD 7770,AMD Radeon HD 7770M,97
AMD Radeon HD 7850,AMD Radeon HD 7850M,97
AMD Radeon HD 7850,AMD Radeon HD 7850,100
AMD Radeon HD 7870,AMD Radeon HD 7870M,97
AMD Radeon HD 7950,AMD Radeon HD 7950M,97
AMD Radeon HD 7950,AMD Radeon HD 7950,100
AMD Radeon HD 7970,AMD Radeon HD 7970,100
AMD Radeon HD 7970,AMD Radeon HD 7970M,97
AMD Radeon HD 6570,AMD Radeon HD 6570,100
AMD Radeon HD 6570,AMD Radeon HD 6570M,97
AMD Radeon HD 6570,AMD Radeon HD 6570,100
AMD Radeon HD 6570,AMD Radeon HD 6570M,97
NVIDIA GeForce GTX 750 Ti,NVIDIA GeForce GTX 750 Ti,100
AMD Radeon HD 6450,AMD Radeon HD 6450M,97
AMD Radeon HD 6450,AMD Radeon HD 6450,100
AMD Radeon HD 6450,AMD Radeon HD 6450A,97
AMD Radeon HD 6490M,AMD Radeon HD 6490M,100
AMD Radeon HD 6490M,AMD Radeon HD 6490,97
AMD Radeon HD 6530D,AMD Radeon HD 6530,97
AMD Radeon HD 6750M,AMD Radeon HD 6750M,100
AMD Radeon HD 6750M,AMD Radeon HD 6750,97
AMD Radeon HD 6770,AMD Radeon HD 6770M,97
AMD Radeon HD 6770,AMD Radeon HD 6770,100
AMD Radeon HD 6770M,AMD Radeon HD 6770M,100
AMD Radeon HD 6770M,AMD Radeon HD 6770,97
AMD Radeon HD 6970,AMD Radeon HD 6970,100
AMD Radeon HD 6970,AMD Radeon HD 6970M,97
AMD Radeon HD 7550M,AMD Radeon HD 7550M,100
AMD Radeon HD 7550M,AMD Radeon HD 7550M,100
AMD Radeon HD 7670M,AMD Radeon HD 7670M,100
AMD Radeon HD 8330,AMD Radeon HD 8330E,97
AMD Radeon HD 8400,AMD Radeon HD 8400E,97
ATI Mobility Radeon HD 5430,ATI Mobility Radeon HD 5430,100
Intel Iris Pro Graphics 5200,Intel Iris Pro Graphics 5200,100
NVIDIA GeForce 310M,NVIDIA GeForce 310M,100
NVIDIA GeForce 310M,NVIDIA GeForce 310M,100
NVIDIA GeForce 310M,NVIDIA GeForce 310M,100
NVIDIA GeForce 610M,NVIDIA GeForce 610,97
NVIDIA GeForce 610M,NVIDIA GeForce 610M,100
NVIDIA GeForce 610M,NVIDIA GeForce 610M,100
NVIDIA GeForce 610M,NVIDIA GeForce 610M,100
NVIDIA GeForce 840M,NVIDIA GeForce 840M,100
NVIDIA GeForce GT 520M,NVIDIA GeForce GT 520,98
NVIDIA GeForce GT 520M,NVIDIA GeForce GT 520M,100
NVIDIA GeForce GT 520M,NVIDIA GeForce GT 520M,100
NVIDIA GeForce GT 520M,NVIDIA GeForce GT 520M,100
NVIDIA GeForce GT 520M,NVIDIA GeForce GT 520MX,98
NVIDIA GeForce GT 525M,NVIDIA GeForce GT 525M,100
NVIDIA GeForce GT 525M,NVIDIA GeForce GT 525M,100
NVIDIA GeForce GT 620,NVIDIA GeForce GT 620M,98
NVIDIA GeForce GT 620,NVIDIA GeForce GT 620M,98
NVIDIA GeForce GT 620,NVIDIA GeForce GT 620,100
NVIDIA GeForce GT 635M,NVIDIA GeForce GT 635M,100
NVIDIA GeForce GT 635M,NVIDIA GeForce GT 635M,100
NVIDIA GeForce GT 635M,NVIDIA GeForce GT 635M,100
NVIDIA GeForce GT 635M,NVIDIA GeForce GT 635M,100
NVIDIA GeForce GT 640M,NVIDIA GeForce GT 640,98
NVIDIA GeForce GT 640M,NVIDIA GeForce GT 640M,100
NVIDIA GeForce GT 755M,NVIDIA GeForce GT 755M,100
NVIDIA GeForce GTX 650 Ti Boost,NVIDIA GeForce GTX 650 Ti Boost,100
NVIDIA GeForce GTX 750,NVIDIA GeForce GTX 750,100
NVIDIA GeForce GTX 765M,NVIDIA GeForce GTX 765M,100
NVIDIA GeForce GTX 770M,NVIDIA GeForce GTX 770M,100
NVIDIA GeForce GTX 770M,NVIDIA GeForce GTX 770,98
NVIDIA GeForce GTX 780 Ti,NVIDIA GeForce GTX 780 Ti,100
NVIDIA GeForce GTX 850M,NVIDIA GeForce GTX 850M,100
NVIDIA GeForce GTX 860M,NVIDIA GeForce GTX 860M,100
NVIDIA GeForce GTX 860M,NVIDIA GeForce GTX 860M,100
AMD Radeon HD 6370M,AMD Radeon HD 6370M,100
NVIDIA GeForce GTX 970,NVIDIA GeForce GTX 970,100
NVIDIA GeForce GTX 970,NVIDIA GeForce GTX 970M,98
NVIDIA GeForce GTX 970,NVIDIA GeForce GTX 970M,98
NVIDIA GeForce GTX 980,NVIDIA GeForce GTX 980M,98
NVIDIA GeForce GTX 980,NVIDIA GeForce GTX 980M,98
NVIDIA GeForce GTX 980,NVIDIA GeForce GTX 980,100
NVIDIA GeForce GT 730,NVIDIA GeForce GT 730M,98
NVIDIA GeForce GT 730,NVIDIA GeForce GT 730,100
NVIDIA GeForce GT 730,NVIDIA GeForce GT 730A,98
NVIDIA GeForce GT 730,NVIDIA GeForce GT 730,100
NVIDIA GeForce GT 730,NVIDIA GeForce GT 730M,98
NVIDIA GeForce GT 730,NVIDIA GeForce GT 730,100
NVIDIA GeForce GTX 870M,NVIDIA GeForce GTX 870M,100
AMD Radeon R7 Graphics,AMD Radeon R7 Graphics,100
AMD Radeon R7 Graphics,AMD Radeon R7 Graphics,100
NVIDIA GeForce GT 740,NVIDIA GeForce GT 740,100
NVIDIA GeForce GT 740,NVIDIA GeForce GT 740A,98
NVIDIA GeForce GT 740,NVIDIA GeForce GT 740M,98
NVIDIA GeForce GT 740,NVIDIA GeForce GT 740M,98
NVIDIA GeForce GTX 960,NVIDIA GeForce GTX 960A,98
NVIDIA GeForce GTX 960,NVIDIA GeForce GTX 960M,98
NVIDIA GeForce GTX 960,NVIDIA GeForce GTX 960,100
NVIDIA GeForce GTX 970M,NVIDIA GeForce GTX 970,98
NVIDIA GeForce GTX 970M,NVIDIA GeForce GTX 970M,100
NVIDIA GeForce GTX 970M,NVIDIA GeForce GTX 970M,100
NVIDIA GeForce GTX 950M,NVIDIA GeForce GTX 950,98
NVIDIA GeForce GTX 950M,NVIDIA GeForce GTX 950M,100
NVIDIA GeForce GTX 980M,NVIDIA GeForce GTX 980M,100
NVIDIA GeForce GTX 980M,NVIDIA GeForce GTX 980M,100
NVIDIA GeForce GTX 980M,NVIDIA GeForce GTX 980MX,98
NVIDIA GeForce GTX 980M,NVIDIA GeForce GTX 980,98
AMD Radeon R7 M260,AMD Radeon R7 M260X,97
AMD Radeon R7 M260,AMD Radeon R7 M260,100
AMD Radeon R7 M260,AMD Radeon R7 260,97
NVIDIA GeForce 940M,NVIDIA GeForce 9400M,97
NVIDIA GeForce 940M,NVIDIA GeForce 940MX,97
NVIDIA GeForce 940M,NVIDIA GeForce 940MX,97
NVIDIA GeForce 940M,NVIDIA GeForce 940M,100
NVIDIA GeForce 940M,NVIDIA GeForce 940M,100
NVIDIA GeForce 940M,NVIDIA GeForce 940MX,97
NVIDIA GeForce 940M,NVIDIA GeForce 9400M,97
NVIDIA GeForce GTX 950,NVIDIA GeForce GTX 950,100
NVIDIA GeForce GTX 950,NVIDIA GeForce GTX 950A,98
NVIDIA GeForce GTX 950,NVIDIA GeForce GTX 950M,98
NVIDIA GeForce GTX 980 Ti,NVIDIA GeForce GTX 980 Ti,100
NVIDIA GeForce GT 420,NVIDIA GeForce GT 420M,98
NVIDIA GeForce 920A,NVIDIA GeForce 920A,100
NVIDIA GeForce GT 720,NVIDIA GeForce GT 720,100
NVIDIA GeForce GT 720,NVIDIA GeForce GT 720M,98
NVIDIA GeForce GT 720,NVIDIA GeForce GT 720M,98
NVIDIA GeForce GT 720,NVIDIA GeForce GT 720,100
NVIDIA GeForce GT 720,NVIDIA GeForce GT 720A,98
NVIDIA GeForce 9600 GT,NVIDIA GeForce 9600M GT,98
NVIDIA GeForce 9600 GT,NVIDIA GeForce 9600 GT,100
NVIDIA GeForce 9600 GT,NVIDIA GeForce 9600 GTX,98
AMD Radeon R5 Graphics,AMD Radeon R5 Graphics,100
AMD Radeon R5 Graphics,AMD Radeon R5 Graphics,100
AMD Radeon R5 Graphics,AMD Radeon R5 Graphics,100
Intel HD Graphics 530,Intel HD Graphics 530,100
Intel HD Graphics 530,Intel HD Graphics P530,98
NVIDIA GeForce 8400 GS,NVIDIA GeForce 8400M GS,98
NVIDIA GeForce 8400 GS,NVIDIA GeForce 8400 GS,100
NVIDIA GeForce 8600 GT,NVIDIA GeForce 8600M GT,98
NVIDIA GeForce 8600 GT,NVIDIA GeForce 8600 GTS,98
NVIDIA GeForce 8600 GT,NVIDIA GeForce 8600 GT,100
NVIDIA GeForce 8600 GT,NVIDIA GeForce 8600M GT,98
NVIDIA GeForce 920M,NVIDIA GeForce 920M,100
NVIDIA GeForce 920M,NVIDIA GeForce 920MX,97
NVIDIA GeForce 920M,NVIDIA GeForce 9200M,97
NVIDIA GeForce 9400 GT,NVIDIA GeForce 9400 GT,100
NVIDIA GeForce 9400 GT,NVIDIA GeForce 9400 GT,100
NVIDIA GeForce 9500 GT,NVIDIA GeForce 9500 GT,100
NVIDIA GeForce 9800 GT,NVIDIA GeForce 9800 GT,100
NVIDIA GeForce 9800 GT,NVIDIA GeForce 9800M GT,98
NVIDIA GeForce 9800 GT,NVIDIA GeForce 9800 GT,100
NVIDIA GeForce 9800 GT,NVIDIA GeForce 9800 GTX,98
NVIDIA GeForce GT 720M,NVIDIA GeForce GT 720,98
NVIDIA GeForce GT 720M,NVIDIA GeForce GT 720M,100
NVIDIA GeForce GT 720M,NVIDIA GeForce GT 720M,100
NVIDIA GeForce GT 720M,NVIDIA GeForce GT 720,98
NVIDIA GeForce GTX 960M,NVIDIA GeForce GTX 960M,100
NVIDIA GeForce GTX 960M,NVIDIA GeForce GTX 960,98
AMD Radeon R5 M330,AMD Radeon R5 M330,100
NVIDIA GeForce 930M,NVIDIA GeForce 930M,100
NVIDIA GeForce 930M,NVIDIA GeForce 930M,100
NVIDIA GeForce 930M,NVIDIA GeForce 930MX,97
NVIDIA GeForce GTX 1070,NVIDIA GeForce GTX 1070,100
NVIDIA GeForce GTX 1080,NVIDIA GeForce GTX 1080,100
NVIDIA GeForce GTX 965M,NVIDIA GeForce GTX 965M,100
NVIDIA GeForce GTX 965M,NVIDIA GeForce GTX 965M,100
NVIDIA GeForce GTX 965M,NVIDIA GeForce GTX 965M,100
AMD Radeon RX 480,AMD Radeon RX 480,100
AMD Radeon RX 460,AMD Radeon RX 460,100
AMD Radeon RX 470,AMD Radeon RX 470D,97
AMD Radeon RX 470,AMD Radeon RX 470,100
NVIDIA GeForce GTX 1050 Ti,NVIDIA GeForce GTX 1050 Ti,100
Intel HD Graphics 630,Intel HD Graphics 630,100
Intel HD Graphics 630,Intel UHD Graphics 630,98
Intel HD Graphics 630,Intel UHD Graphics 630,98
Intel HD Graphics 630,Intel UHD Graphics 630,98
Intel HD Graphics 630,Intel UHD Graphics 630,98
NVIDIA GeForce 940MX,NVIDIA GeForce 940MX,100
NVIDIA GeForce 940MX,NVIDIA GeForce 940MX,100
NVIDIA GeForce 940MX,NVIDIA GeForce 940M,97
NVIDIA GeForce 940MX,NVIDIA GeForce 940M,97
NVIDIA GeForce 940MX,NVIDIA GeForce 940MX,100
NVIDIA GeForce GT 710,NVIDIA GeForce GT 710M,98
NVIDIA GeForce GT 710,NVIDIA GeForce GT 710,100
NVIDIA GeForce GT 710,NVIDIA GeForce GT 710,100
NVIDIA GeForce GT 710,NVIDIA GeForce GT 710,100
NVIDIA GeForce GTX 1050,NVIDIA GeForce GTX 1050,100
NVIDIA GeForce GTX 1080 Ti,NVIDIA GeForce GTX 1080 Ti,100
NVIDIA GeForce GTX 1070 Ti,NVIDIA GeForce GTX 1070 Ti,100
NVIDIA GeForce GT 1030,NVIDIA GeForce GT 1030,100
AMD Radeon RX 580,AMD Radeon RX 580,100
AMD Radeon RX 580,AMD Radeon RX 580G,97
AMD Radeon RX 580,AMD Radeon RX 580X,97
AMD Radeon RX 560,AMD Radeon RX 560D,97
AMD Radeon RX 560,AMD Radeon RX 560,100
AMD Radeon RX 560,AMD Radeon RX 560X,97
NVIDIA GeForce 920MX,NVIDIA GeForce 920M,97
NVIDIA GeForce 920MX,NVIDIA GeForce 920MX,100
NVIDIA GeForce MX150,NVIDIA GeForce MX150,100
NVIDIA GeForce MX150,NVIDIA GeForce MX150,100
AMD Radeon RX 550,AMD Radeon RX 550X,97
AMD Radeon RX 550,AMD Radeon RX 550,100
Intel UHD Graphics 630,Intel HD Graphics 630,98
Intel UHD Graphics 630,Intel UHD Graphics P630,98
Intel UHD Graphics 630,Intel UHD Graphics 630,100
Intel UHD Graphics 630,Intel UHD Graphics P630,98
Intel UHD Graphics 630,Intel UHD Graphics 630,100
Intel UHD Graphics 630,Intel UHD Graphics 630,100
Intel UHD Graphics 630,Intel UHD Graphics 630,100
NVIDIA GeForce RTX 2070,NVIDIA GeForce RTX 2070,100
NVIDIA GeForce RTX 2080,NVIDIA GeForce RTX 2080,100
AMD Radeon RX 570,AMD Radeon RX 570X,97
AMD Radeon RX 570,AMD Radeon RX 5700,97
AMD Radeon RX 570,AMD Radeon RX 570,100
Intel HD Graphics 610,Intel UHD Graphics 610,98
Intel HD Graphics 610,Intel HD Graphics 610,100
Intel HD Graphics 610,Intel UHD Graphics 610,98
NVIDIA GeForce RTX 2080 Ti,NVIDIA GeForce RTX 2080 Ti,100
NVIDIA GeForce RTX 2060,NVIDIA GeForce RTX 2060,100
NVIDIA GeForce GTX 1660 Ti,NVIDIA GeForce GTX 1660 Ti,100
NVIDIA GeForce GTX 1660 Ti,NVIDIA GeForce GTX 660 Ti,98
NVIDIA GeForce GTX 1660,NVIDIA GeForce GTX 1660,100
NVIDIA GeForce GTX 1660,NVIDIA GeForce GTX 660,98
NVIDIA GeForce GTX 1650,NVIDIA GeForce GTX 650,98
NVIDIA GeForce GTX 1650,NVIDIA GeForce GTX 650,98
NVIDIA GeForce GTX 1650,NVIDIA GeForce GTX 1650,100
NVIDIA GeForce MX130,NVIDIA GeForce MX130,100
AMD Radeon RX 580 2048SP,AMD Radeon RX 580 2048SP,100
NVIDIA GeForce RTX 2070 SUPER,NVIDIA GeForce RTX 2080 SUPER,97
NVIDIA GeForce RTX 2070 SUPER,NVIDIA GeForce RTX 2070 SUPER,100
NVIDIA GeForce RTX 2070 SUPER,NVIDIA GeForce RTX 2060 SUPER,97
AMD Radeon RX 5700 XT,AMD Radeon RX 5700 XT,100
NVIDIA GeForce RTX 2060 SUPER,NVIDIA GeForce RTX 2080 SUPER,97
NVIDIA GeForce RTX 2060 SUPER,NVIDIA GeForce RTX 2070 SUPER,97
NVIDIA GeForce RTX 2060 SUPER,NVIDIA GeForce RTX 2060 SUPER,100
NVIDIA GeForce RTX 2080 SUPER,NVIDIA GeForce RTX 2080 SUPER,100
NVIDIA GeForce RTX 2080 SUPER,NVIDIA GeForce RTX 2070 SUPER,97
NVIDIA GeForce RTX 2080 SUPER,NVIDIA GeForce RTX 2060 SUPER,97
NVIDIA GeForce MX110,NVIDIA GeForce MX110,100
AMD Radeon Pro 460,AMD Radeon Pro 460,100
AMD Radeon RX 5700,AMD Radeon RX 5700,100
AMD Radeon RX 5700,AMD Radeon RX 570,97
AMD Radeon RX 5700,AMD Radeon RX 5700M,97
NVIDIA GeForce GTX 1660 SUPER,NVIDIA GeForce GTX 1660 SUPER,100
NVIDIA GeForce GTX 1660 SUPER,NVIDIA GeForce GTX 1650 SUPER,97
NVIDIA GeForce MX250,NVIDIA GeForce MX250,100
NVIDIA GeForce MX250,NVIDIA GeForce MX250,100
NVIDIA GeForce GTX 1650 SUPER,NVIDIA GeForce GTX 1660 SUPER,97
NVIDIA GeForce GTX 1650 SUPER,NVIDIA GeForce GTX 1650 SUPER,100
NVIDIA GeForce GTX 1650 Ti,NVIDIA GeForce GTX 650 Ti,98
AMD Radeon RX 5600 XT,AMD Radeon RX 5600 XT,100
AMD Radeon RX 5600 XT,AMD Radeon RX 560 XT,98
AMD Radeon RX 5500 XT,AMD Radeon RX 5500 XT,100
NVIDIA GeForce RTX 3080,NVIDIA GeForce RTX 3080,100
NVIDIA GeForce RTX 3060 Ti,NVIDIA GeForce RTX 3060 Ti,100
NVIDIA GeForce RTX 3090,NVIDIA GeForce RTX 3090,100
NVIDIA GeForce MX350,NVIDIA GeForce MX350,100
NVIDIA GeForce MX350,NVIDIA GeForce MX350,100
NVIDIA GeForce RTX 3070,NVIDIA GeForce RTX 3070,100
NVIDIA GeForce MX230,NVIDIA GeForce MX230,100
NVIDIA GeForce RTX 3070 Ti,NVIDIA GeForce RTX 3070 TiM,98
NVIDIA GeForce RTX 3070 Ti,NVIDIA GeForce RTX 3070 Ti,100
NVIDIA GeForce RTX 3080 Ti,NVIDIA GeForce RTX 3080 Ti,100
AMD Radeon RX 6700 XT,AMD Radeon RX 6700 XT,100
NVIDIA GeForce MX330,NVIDIA GeForce MX330,100
AMD Radeon RX 5500M,AMD Radeon RX 5500M,100
AMD Radeon RX 6600 XT,AMD Radeon RX 6600 XT,100
AMD Radeon RX 6900 XT,AMD Radeon RX 6900 XT,100
AMD Radeon RX 6600,AMD Radeon RX 6600M,97
AMD Radeon RX 6600,AMD Radeon RX 6600S,97
AMD Radeon RX 6600,AMD Radeon RX 6600,100
AMD Radeon RX 6800 XT,AMD Radeon RX 6800 XT,100
AMD Radeon RX 6500 XT,AMD Radeon RX 6500 XT,100
NVIDIA GeForce RTX 4090,NVIDIA GeForce RTX 4090,100
NVIDIA GeForce RTX 4070 Ti,NVIDIA GeForce RTX 4070 Ti,100
NVIDIA GeForce RTX 4080,NVIDIA GeForce RTX 4080,100
